{"cameraMode":{"drawMode":0,"name":"Shaded","section":"Shading Mode"},"sceneLighting":true,"audioPlay":false,"sceneViewState":{"m_AlwaysRefresh":false,"showFog":true,"showSkybox":true,"showFlares":true,"showImageEffects":true,"showParticleSystems":true,"showVisualEffectGraphs":true,"m_FxEnabled":true},"in2DMode":false,"pivot":{"x":0.5433447360992432,"y":0.36315107345581057,"z":-1.6065082550048829},"rotation":{"x":-0.0037561294157058,"y":-0.9894750714302063,"z":0.14227494597434998,"w":-0.02612142451107502},"size":5.159315586090088,"orthographic":false}